"","state","county","cz","czname","hhinc_mean2000","mean_commutetime2000","frac_coll_plus2000","frac_coll_plus2010","foreign_share2010","med_hhinc1990","med_hhinc2016","poor_share2010","poor_share2000","poor_share1990","share_white2010","share_black2010","share_hisp2010","share_asian2010","share_black2000","share_white2000","share_hisp2000","share_asian2000","gsmn_math_g3_2013","rent_twobed2015","singleparent_share2010","singleparent_share1990","singleparent_share2000","traveltime15_2010","emp2000","mail_return_rate2010","ln_wage_growth_hs_grad","popdensity2010","popdensity2000","ann_avg_job_growth_2004_2013","job_density_2013","county_name","district","split","X","County.18.","Clinton.percentage","Clinton.Votes","Trump.percentage","Trump.Votes","Johnson.percentage","Johnson.Votes","Write.in.percentage","Write.in.Votes","Stein.percentage","Stein.Votes","Totals","Republican.percentage"
"1",37,1,500,"Greensboro",71037.531,22.983232,0.1955063,0.21068329,0.073734902,28763.7641864745,45265.7372015007,0.16339003,0.11034597,0.085328683,0.67304522,0.19456631,0.11009654,0.0088089863,0.18523018,0.73365331,0.063799463,0.0064457539,3.4556916,735.78265,0.35839897,0.20091693,0.29492876,0.34357974,0.63171732,81.243233,-0.11748834,356.48813,308.54034,0.010991117,168.97514,"Alamance",13,"",1,"Alamance",0.4192," 29,818.0000 ",0.5455," 38,802.0000 ",0.0252," 1,795.0000 ",0.007," 496.0000 "," 0.0030 "," 216.0000 "," 71,127.00 ",0.524533580394935
"2",37,3,1100,"Hickory",67076.891,24.013674,0.093927428,0.11691985,0.032813493,26904.704167626,42918.0756761116,0.15032911,0.084916532,0.098068528,0.87829995,0.060755953,0.043039948,0.0021362153,0.047325242,0.91019166,0.025050029,0.0019165172,4.32691,542.65839,0.20107952,0.15569893,0.23405334,0.28708279,0.69410682,84.457672,-0.0041326028,143.07198,129.45616,-0.0086690476,62.001194,"Alexander",5,"",3,"Alexander",0.2064," 3,756.0000 ",0.7601," 13,833.0000 ",0.0239," 435.0000 ",0.0083," 151.0000 "," 0.0013 "," 23.0000 "," 18,198.00 ",0.350059294396679
"3",37,5,602,"Galax",57875.172,24.236145,0.11659954,0.16309585,0.077082284,18481.5891246597,37658.1978484984,0.2590279,0.17068088,0.20297217,0.88408786,0.01398476,0.090004481,0.0021515016,0.012188982,0.93007201,0.049772516,0.0018929386,3.3222532,576.10693,0.41257954,0.16981509,0.20923139,0.34655994,0.57825613,87.665993,0.13861957,47.455967,45.444912,-0.013802763,17.144558,"Alleghany",5,"",5,"Alleghany",0.2457," 1,306.0000 ",0.7176," 3,814.0000 ",0.0243," 129.0000 ",0.0124," 66.0000 "," -   "," -   "," 5,315.00 ",0.49778978388998
"4",37,7,900,"Charlotte",57112.082,29.027809,0.091323413,0.084345713,0.015847094,22215.2158230667,36286.0221908861,0.20291267,0.17326871,0.16831905,0.45806739,0.49057445,0.030132106,0.0051951907,0.47147903,0.50552922,0.0086521627,0.0021647038,2.614197,603.03619,0.43975943,0.24356346,0.38666427,0.3272616,0.51375663,82.401054,NA,50.706463,47.558475,-0.00063859281,18.601902,"Anson",9,"",7,"Anson",0.5556," 5,859.0000 ",0.4273," 4,506.0000 ",0.0122," 129.0000 ",0.0046," 48.0000 "," 0.0003 "," 3.0000 "," 10,545.00 ",0.804875321480488
"5",37,9,601,"North Wilkesboro",54683.73,27.700476,0.12293567,0.17239149,0.033580337,19229.6587586293,37729.1508742348,0.17570294,0.13305931,0.18255031,0.93178403,0.0081008757,0.048055425,0.0031523772,0.0072729457,0.96131647,0.024143973,0.0018984,3.4177575,562.39636,0.27859983,0.15318279,0.22259627,0.22695968,0.56592351,87.280258,-0.035037946,64.019768,57.221439,-0.0042386255,27.399832,"Ashe",5,"",9,"Ashe",0.2607," 3,500.0000 ",0.7012," 9,413.0000 ",0.0247," 332.0000 ",0.0134," 180.0000 "," -   "," -   "," 13,425.00 ",0.391868512110727
"6",37,11,1001,"Boone",56116.719,23.90431,0.14544407,0.19449817,0.035663877,20687.8852437717,36577.7221441816,0.17576812,0.15046208,0.14326657,0.90065742,0.040737204,0.044782829,0.0021913806,0.038654909,0.92588496,0.024463391,0.0016574222,3.1547511,627.39722,0.30361429,0.16174769,0.2165554,0.35295907,0.50688273,82.925209,NA,72.02726,69.477554,-0.0099757286,28.330103,"Avery",11,"",11,"Avery",0.2048," 1,689.0000 ",0.7635," 6,298.0000 ",0.0201," 166.0000 ",0.0088," 73.0000 "," 0.0028 "," 23.0000 "," 8,249.00 ",0.159955435301608
"7",37,13,2100,"Washington",59870.75,26.019407,0.15930271,0.18680625,0.044240851,22035.0077411684,42082.6856299336,0.17101543,0.19103333,0.18912448,0.66385394,0.2599929,0.066291168,0.0032245233,0.28438026,0.67625982,0.032197196,0.0022961777,3.4695513,548.76294,0.32409686,0.22388679,0.31875452,0.3393316,0.53620327,83.915756,NA,57.736294,54.350136,-0.00064010319,22.381744,"Beaufort",3,"",13,"Beaufort",0.3661," 8,764.0000 ",0.6075," 14,543.0000 ",0.0178," 426.0000 ",0.0075," 180.0000 "," 0.0010 "," 25.0000 "," 23,936.00 ",0.53240463623007
"8",37,15,2600,"Roanoke Rapids",51289.465,28.104404,0.08944802,0.10024429,0.0077036214,18009.0822503857,31064.8955925195,0.23140524,0.23630834,0.25494593,0.34738278,0.62931114,0.012545813,0.0044168779,0.62172085,0.36214033,0.0096324766,0.0015932098,2.3100266,546.95648,0.51296842,0.32982007,0.39874712,0.3248114,0.49295756,81.754036,-0.026875157,30.434639,28.276672,-0.0015362116,10.879933,"Bertie",1,"",15,"Bertie",0.6182," 5,778.0000 ",0.3697," 3,456.0000 ",0.0075," 70.0000 ",0.0043," 40.0000 "," 0.0003 "," 3.0000 "," 9,347.00 ",0.864491362763916
"9",37,17,1500,"Wilmington",53315.828,27.716677,0.11353713,0.098245926,0.043155845,18968.0360613811,30801.2724069338,0.24267381,0.20629959,0.21605758,0.54680306,0.35416311,0.071099743,0.0017902813,0.37132427,0.56753659,0.038172022,0.00081896194,2.5719049,600.56238,0.45015365,0.26095793,0.34514588,0.25968248,0.52397108,78.584686,0.049350005,40.248055,36.917496,-0.014974969,14.516292,"Bladen",7,"",17,"Bladen",0.4438," 7,021.0000 ",0.538," 8,511.0000 ",0.0133," 211.0000 ",0.0048," 76.0000 "," -   "," -   "," 15,819.00 ",0.783066173448418
"10",37,19,1500,"Wilmington",66964.367,25.324663,0.15586844,0.22937125,0.039133962,23586.3324438702,48996.3295976022,0.13752075,0.1264707,0.15534347,0.808128,0.12045871,0.051651757,0.0047064465,0.1525487,0.80433655,0.027227757,0.0025335203,3.6779475,795.29132,0.32395956,0.21420625,0.30955011,0.30626673,0.55076158,85.881432,0.061424173,126.84082,86.359001,0.013390431,50.794888,"Brunswick",7,"",19,"Brunswick",0.3406," 23,282.0000 ",0.625," 42,717.0000 ",0.0251," 1,717.0000 ",0.0078," 536.0000 "," 0.0014 "," 96.0000 "," 68,348.00 ",0.401008052123671
"11",37,21,1203,"Asheville",68803.836,22.517529,0.24685474,0.31056869,0.057127628,26599.3187454043,48308.8927819132,0.14761601,0.1148759,0.11079695,0.84442216,0.071412988,0.05981084,0.0086408248,0.076667547,0.87714356,0.027788665,0.0056082304,3.9648099,808.98865,0.31360501,0.21896601,0.29700941,0.3228043,0.61025524,80.825607,-0.023433438,362.91843,314.1582,0.011203189,182.77798,"Buncombe",11,"",21,"Buncombe",0.543," 75,421.0000 ",0.401," 55,694.0000 ",0.0308," 4,284.0000 ",0.0141," 1,958.0000 "," 0.0110 "," 1,534.0000 "," 138,891.00 ",0.62189833774994
"12",37,23,1002,"Morganton",62849.52,22.13019,0.12399881,0.15022808,0.047361754,25935.1778797097,39919.779875044,0.17501469,0.10695766,0.1004881,0.83016545,0.073004663,0.050972369,0.0053173006,0.068157859,0.85168946,0.034393765,0.0052058399,3.4825852,554.50366,0.31327268,0.22015883,0.27613825,0.32874745,0.62061322,82.251694,0.085345306,179.27789,175.78304,-0.007691911,72.531898,"Burke",5,"",23,"Burke",0.2891," 11,251.0000 ",0.6742," 26,238.0000 ",0.0254," 988.0000 ",0.0083," 324.0000 "," 0.0031 "," 119.0000 "," 38,920.00 ",0.456566444475961
"13",37,25,900,"Charlotte",85011.617,28.995892,0.20302609,0.24212059,0.071884446,33330.0784671254,63532.0876350338,0.10990566,0.064336941,0.066594221,0.71639395,0.15897894,0.094190806,0.015703626,0.11119887,0.82848543,0.042934392,0.0071482589,3.9108186,791.51404,0.26425952,0.16765815,0.22083776,0.24799603,0.67750561,81.16391,-0.12818111,492.08157,362.30106,0.018805454,235.54601,"Cabarrus",8,"",25,"Cabarrus",0.3808," 35,510.0000 ",0.5769," 53,789.0000 ",0.0299," 2,784.0000 ",0.0104," 972.0000 "," 0.0020 "," 190.0000 "," 93,245.00 ",0.441790956875101
"14",37,27,1100,"Hickory",62886.926,22.422911,0.10536645,0.1224172,0.024397463,26557.2261714424,37948.626214937,0.16257903,0.10547487,0.10225758,0.88601571,0.055558901,0.045718964,0.0034376716,0.051835008,0.91356367,0.024191726,0.0025592078,3.2626514,613.36267,0.30827034,0.20800726,0.27130917,0.30820251,0.65480381,83.226578,0.06605316,176.0708,164.164,-0.012687414,69.739975,"Caldwell",5,"",27,"Caldwell",0.232," 8,425.0000 ",0.733," 26,621.0000 ",0.0234," 849.0000 ",0.0083," 302.0000 "," 0.0034 "," 123.0000 "," 36,320.00 ",0.33043542326678
"15",37,29,2000,"Virginia Beach",70112.258,33.662029,0.16205451,0.1899903,0.025442634,26699,60594.1591182365,0.093036205,0.10058395,0.16055046,0.8119238,0.13857715,0.021543087,0.013038709,0.1741467,0.80116189,0.0071169208,0.0056644878,3.6434321,1029.0469,0.17337865,0.11614731,0.19262782,0.19911994,0.5718767,81.419884,NA,41.487221,28.621193,0.0042696344,17.459553,"Camden",3,"",29,"Camden",0.2545," 1,274.0000 ",0.7083," 3,546.0000 ",0.0298," 149.0000 ",0.0058," 29.0000 "," 0.0016 "," 8.0000 "," 5,006.00 ",0.489381636477202
"16",37,31,1900,"Jacksonville",70525.727,24.174536,0.19114831,0.22695434,0.035568096,25894.6956025258,51708.28347049,0.12099464,0.10686415,0.11134694,0.87410671,0.067595422,0.033714965,0.0074456711,0.072131537,0.8930372,0.017729998,0.0051254542,3.7144456,780.75018,0.32375252,0.17725991,0.27627656,0.32599032,0.56235063,83.926514,-0.47908702,137.24503,122.61451,-0.0056832372,56.781998,"Carteret",3,"",31,"Carteret",0.2631," 9,939.0000 ",0.7032," 26,569.0000 ",0.0242," 913.0000 ",0.0074," 278.0000 "," 0.0022 "," 82.0000 "," 37,781.00 ",0.342461730479792
"17",37,33,500,"Greensboro",60193.129,31.856672,0.082713313,0.11042668,0.014202325,23124.3599214434,38056.9937181163,0.22446904,0.14579257,0.16113573,0.61187232,0.346136,0.031367257,0.0022644927,0.36726302,0.60700196,0.017675394,0.0012105708,3.3292782,481.1777,0.40232652,0.22821967,0.28728506,0.19589369,0.5490995,85.154015,NA,55.819527,55.295277,-0.010309955,21.112061,"Caswell",13,"",33,"Caswell",0.4328," 4,792.0000 ",0.5444," 6,027.0000 ",0.0193," 214.0000 ",0.0026," 29.0000 "," 0.0008 "," 9.0000 "," 11,071.00 ",0.673721952347907
"18",37,35,1100,"Hickory",74233.477,22.180447,0.16914427,0.19246383,0.068217948,29777.7147594955,47173.8168348903,0.12458977,0.08866626,0.066103444,0.77992719,0.092129983,0.084427111,0.0092931893,0.080810159,0.82935816,0.053295501,0.0078690816,3.3338158,645.83063,0.29881388,0.19910295,0.26266432,0.33583611,0.68136662,82.158676,0.047154862,387.1319,355.37973,-0.0041094376,174.43481,"Catawba",10,"",35,"Catawba",0.2932," 21,216.0000 ",0.6679," 48,324.0000 ",0.0273," 1,973.0000 ",0.0095," 685.0000 "," 0.0021 "," 153.0000 "," 72,351.00 ",0.337944926930313
"19",37,37,1701,"Raleigh",82048.875,29.066729,0.29086074,0.347009,0.1012047,28731.0505631512,59256.3338319817,0.11952188,0.093598709,0.092788182,0.71151876,0.13732778,0.1295646,0.0093589844,0.1694725,0.72559381,0.08967308,0.0053804922,3.8109055,776.87988,0.24192064,0.22598876,0.23292017,0.27621448,0.63585746,84.564178,0.059028771,93.090584,72.306107,0.002919985,43.353344,"Chatham-a",4,"y",37,"Chatham",0.5286," 21,065.0000 ",0.4292," 17,105.0000 ",0.0284," 1,130.0000 ",0.0103," 412.0000 "," 0.0034 "," 137.0000 "," 39,849.00 ",0.609606304803152
"20",37,37,1701,"Raleigh",82048.875,29.066729,0.29086074,0.347009,0.1012047,28731.0505631512,59256.3338319817,0.11952188,0.093598709,0.092788182,0.71151876,0.13732778,0.1295646,0.0093589844,0.1694725,0.72559381,0.08967308,0.0053804922,3.8109055,776.87988,0.24192064,0.22598876,0.23292017,0.27621448,0.63585746,84.564178,0.059028771,93.090584,72.306107,0.002919985,43.353344,"Chatham-b",13,"y",37,"Chatham",0.5286," 21,065.0000 ",0.4292," 17,105.0000 ",0.0284," 1,130.0000 ",0.0103," 412.0000 "," 0.0034 "," 137.0000 "," 39,849.00 ",0.609606304803152
"21",37,39,1204,"Andrews",53871.258,23.654089,0.11153402,0.16088113,0.024872152,19245.4182914658,35245.0210610698,0.1318804,0.15450329,0.20618029,0.9233712,0.017052907,0.025069231,0.0042632269,0.0170832,0.94215935,0.012407131,0.0028455949,3.1923664,676.70569,0.24297614,0.1674587,0.24070308,0.33551008,0.50819904,84.593353,NA,60.260063,53.352245,0.010433481,22.453703,"Cherokee",11,"",39,"Cherokee",0.2017," 2,860.0000 ",0.7647," 10,844.0000 ",0.0244," 346.0000 ",0.0069," 98.0000 "," 0.0023 "," 33.0000 "," 14,181.00 ",0.351314640535558
"22",37,41,2000,"Virginia Beach",55801.172,26.118969,0.16403723,0.15794101,0.03414461,20428.3033191374,40852.9699182046,0.17324007,0.17600809,0.17611919,0.61109984,0.34685326,0.031568985,0.0032447779,0.37187153,0.60293597,0.015126028,0.0025023601,3.5908484,725.99689,0.39267707,0.21808368,0.35632032,0.42297226,0.52603728,85.694252,NA,85.769943,84.221878,-0.026888328,29.90613,"Chowan",3,"",41,"Chowan",0.4139," 2,992.0000 ",0.5553," 4,014.0000 ",0.0224," 162.0000 ",0.0068," 49.0000 "," 0.0015 "," 11.0000 "," 7,228.00 ",0.645618556701031
"23",37,43,1204,"Andrews",58846.676,25.612358,0.15381449,0.18638816,0.022338266,18753.4500802871,38381.6364409181,0.21451072,0.11443724,0.17810373,0.95211107,0.0093510915,0.02436951,0.0019835646,0.0086958092,0.97267175,0.0083772102,0.00091133447,3.4977605,653.25653,0.21382493,0.16359438,0.23506536,0.39838055,0.51239729,85.904083,-0.15479229,49.299183,40.861465,-0.01398834,17.22468,"Clay",11,"",43,"Clay",0.2275," 1,367.0000 ",0.7383," 4,437.0000 ",0.0238," 143.0000 ",0.009," 54.0000 "," 0.0015 "," 9.0000 "," 6,010.00 ",0.342465753424658
"24",37,45,800,"Gastonia",64906.695,24.625957,0.13289653,0.15887479,0.021918563,27223.1335037527,39683.4023022492,0.18906821,0.12942217,0.10275813,0.74219501,0.21474744,0.028100083,0.0038730854,0.20284422,0.76967984,0.014899785,0.0034329738,4.0252604,618.74841,0.40797663,0.22206201,0.30514964,0.3334192,0.60748082,81.863602,0.084640585,211.26071,207.14822,-0.0040814853,90.711708,"Cleveland",5,"",45,"Cleveland",0.335," 14,961.0000 ",0.6375," 28,474.0000 ",0.019," 850.0000 ",0.0068," 305.0000 "," 0.0017 "," 75.0000 "," 44,665.00 ",0.543117936829904
"25",37,47,1500,"Wilmington",52921.516,27.808716,0.1004632,0.12021653,0.02864423,18820.4625804675,37392.9565389514,0.21434979,0.22620721,0.23787156,0.6036008,0.30994183,0.045819134,0.0022031739,0.30934635,0.63223034,0.023468236,0.0018913558,2.2788014,591.38831,0.42569983,0.2396847,0.33671534,0.28038999,0.49555686,79.150101,NA,61.984886,58.411831,-0.0026592682,23.049356,"Columbus",7,"",47,"Columbus",0.3818," 9,053.0000 ",0.6015," 14,264.0000 ",0.0129," 305.0000 ",0.0038," 91.0000 "," -   "," -   "," 23,713.00 ",0.743215253067077
"26",37,49,1900,"Jacksonville",66082.539,22.491011,0.1898838,0.20628922,0.047207236,27469.6920754473,50190.044142795,0.15249409,0.12793024,0.12400232,0.67074054,0.23266509,0.060596108,0.012497229,0.24861486,0.69299412,0.036566719,0.0086593209,3.5582867,813.591,0.36857966,0.219119,0.29513744,0.39051816,0.51866633,82.095047,-0.001375769,145.99615,128.97256,-0.0011958906,53.410854,"Craven",3,"",49,"Craven",0.3752," 17,629.0000 ",0.5899," 27,722.0000 ",0.0257," 1,210.0000 ",0.0081," 380.0000 "," 0.0011 "," 50.0000 "," 46,991.00 ",0.483762856812666
"27",37,51,1400,"Fayetteville",67767.07,23.755812,0.19029348,0.21612188,0.057829175,26987.2758817393,47151.711820087,0.16573645,0.12360456,0.13155843,0.47192979,0.37768719,0.094511807,0.019244501,0.34795594,0.53690946,0.065025255,0.016394338,3.2660248,756.76801,0.42335474,0.23553281,0.32144231,0.30397516,0.50975603,76.849564,0.10992497,518.02533,491.31635,0.0016931897,181.19411,"Cumberland",8,"",51,"Cumberland",0.5616," 71,605.0000 ",0.4021," 51,265.0000 ",0.0265," 3,373.0000 ",0.0085," 1,084.0000 "," 0.0014 "," 179.0000 "," 127,506.00 ",0.667942230655703
"28",37,53,2000,"Virginia Beach",71761.164,37.677868,0.12164859,0.17032926,0.033098742,28414.0924687903,61929.2506901091,0.085827149,0.10526424,0.098286249,0.88656729,0.063659914,0.029897653,0.0056968131,0.075714767,0.89370829,0.014496936,0.0030336177,3.6908188,818.39355,0.25195438,0.14119272,0.23250885,0.18082668,0.60318565,84.778427,-0.012743109,89.9245,69.466454,0.0054974467,44.341671,"Currituck",3,"",53,"Currituck",0.2299," 2,913.0000 ",0.7233," 9,163.0000 ",0.038," 482.0000 ",0.0066," 84.0000 "," 0.0021 "," 27.0000 "," 12,669.00 ",0.358407079646018
"29",37,55,2100,"Washington",80444.703,20.666342,0.27452219,0.31544703,0.05000006,30540.7624881215,55774.2708431604,0.10506965,0.080433562,0.081453159,0.88623232,0.030542452,0.065153301,0.0051658163,0.029561745,0.93464524,0.022389702,0.0027322578,3.5174074,936.69818,0.34920663,0.17644091,0.25637516,0.45344409,0.64647192,86.576859,0.038892645,88.466957,78.157112,-0.017111059,47.584892,"Dare",3,"",55,"Dare",0.3681," 7,323.0000 ",0.5843," 11,626.0000 ",0.0347," 690.0000 ",0.0103," 205.0000 "," 0.0026 "," 52.0000 "," 19,896.00 ",0.494942366502
"30",37,57,500,"Greensboro",68960.469,23.761534,0.13022503,0.16526523,0.046027064,28804.3812913803,45866.6518437113,0.1459323,0.097480491,0.094978228,0.81954592,0.093204729,0.06390059,0.0051345695,0.086416222,0.86642969,0.030239765,0.0029902742,3.6202135,617.10468,0.29750374,0.19542086,0.25532076,0.28439456,0.6468274,81.794167,0.033003159,294.70847,266.42184,-0.00046595198,131.72118,"Davidson",13,"",57,"Davidson",0.2419," 18,102.0000 ",0.7256," 54,304.0000 ",0.0248," 1,858.0000 ",0.0065," 484.0000 "," 0.0012 "," 87.0000 "," 74,835.00 ",0.323061392101841
"31",37,59,401,"Winston-Salem",78110.609,25.459724,0.17890194,0.23533635,0.044296172,30832.5115624012,53887.2527400582,0.12031667,0.084118098,0.082393043,0.85492241,0.069762364,0.060523763,0.0048739091,0.06910228,0.88707054,0.034103379,0.0024936062,3.8921065,648.63123,0.22437225,0.15535671,0.21639635,0.27147853,0.62241644,82.752701,0.040277489,156.14943,131.8978,0.00033152325,69.911324,"Davie",13,"",59,"Davie",0.2422," 5,270.0000 ",0.7171," 15,602.0000 ",0.029," 631.0000 ",0.0095," 206.0000 "," 0.0022 "," 47.0000 "," 21,756.00 ",0.243430236086666
"32",37,61,1800,"Goldsboro",56102.113,27.137758,0.10388476,0.10101207,0.1262237,19862.4637728292,35464.7245876421,0.2363424,0.19332865,0.18681893,0.52916843,0.25496966,0.20611914,0.0025296984,0.28338507,0.55449599,0.15603937,0.0013625216,3.2362685,534.98822,0.38090473,0.21708803,0.3005861,0.35230413,0.57709521,76.764931,NA,71.677979,60.113926,0.0064684935,29.815491,"Duplin",3,"",61,"Duplin",0.3972," 8,283.0000 ",0.5858," 12,217.0000 ",0.0125," 260.0000 ",0.0041," 85.0000 "," 0.0005 "," 11.0000 "," 20,845.00 ",0.610992058489852
"33",37,63,1701,"Raleigh",81987.055,22.554853,0.41539466,0.41728339,0.14043052,34430.0555373843,57242.5281280822,0.1702792,0.12670186,0.1059745,0.42116022,0.38599408,0.13482344,0.036033388,0.37743464,0.50490594,0.069268331,0.033435039,2.8028383,912.75958,0.39113095,0.26980934,0.35106781,0.29459792,0.6598196,77.573914,0.043875758,935.70068,780.88641,0.01602249,492.8158,"Durham",4,"",63,"Durham",0.7767," 121,166.0000 ",0.1815," 28,314.0000 ",0.0256," 3,995.0000 ",0.0128," 1,996.0000 "," 0.0034 "," 535.0000 "," 156,006.00 ",0.815631026646265
"34",37,65,1600,"Wilson",56366.75,22.245684,0.08363197,0.10249464,0.022289731,22568.2836385459,33887.7880534729,0.21954708,0.18887599,0.19891408,0.37770545,0.57761002,0.037204698,0.0017682841,0.56153435,0.40721312,0.026809188,0.0013230626,2.6002896,574.50726,0.48471951,0.3228406,0.41318271,0.38767999,0.54207134,81.378334,-0.039772648,111.9097,110.03767,-0.0078770835,41.257698,"Edgecombe",1,"",65,"Edgecombe",0.6519," 16,224.0000 ",0.332," 8,261.0000 ",0.0114," 284.0000 ",0.0043," 106.0000 "," 0.0004 "," 11.0000 "," 24,886.00 ",0.805662100456621
"35",37,67,401,"Winston-Salem",80788.719,22.403002,0.28009894,0.30625629,0.088334657,32929.6923880824,51025.0642969173,0.15568399,0.10745753,0.096561097,0.5872587,0.26485869,0.1191291,0.015609785,0.24345958,0.67392558,0.063425779,0.0094373645,3.5147295,727.06824,0.37660408,0.25205928,0.32340801,0.31939802,0.63386452,79.809242,-0.005471136,859.17151,749.89148,0.0044379127,401.98065,"Forsyth-a",6,"y",67,"Forsyth",0.5298," 94,185.0000 ",0.4261," 75,751.0000 ",0.0301," 5,358.0000 ",0.014," 2,492.0000 "," -   "," -   "," 177,786.00 ",0.559651833151211
"36",37,67,401,"Winston-Salem",80788.719,22.403002,0.28009894,0.30625629,0.088334657,32929.6923880824,51025.0642969173,0.15568399,0.10745753,0.096561097,0.5872587,0.26485869,0.1191291,0.015609785,0.24345958,0.67392558,0.063425779,0.0094373645,3.5147295,727.06824,0.37660408,0.25205928,0.32340801,0.31939802,0.63386452,79.809242,-0.005471136,859.17151,749.89148,0.0044379127,401.98065,"Forsyth-b",10,"y",67,"Forsyth",0.5298," 94,185.0000 ",0.4261," 75,751.0000 ",0.0301," 5,358.0000 ",0.014," 2,492.0000 "," -   "," -   "," 177,786.00 ",0.559651833151211
"37",37,69,1701,"Raleigh",67995.898,35.653008,0.13888277,0.15386114,0.043361355,26486.9300987549,45184.5337435457,0.14732976,0.12051395,0.12864576,0.6347515,0.27166399,0.078787178,0.0037731065,0.27854145,0.66548097,0.043888472,0.0025469346,2.9828007,654.13025,0.28570998,0.22847475,0.26755682,0.17133109,0.63755822,82.11409,0.069775619,123.28903,96.119034,0.0067642052,52.686493,"Franklin",4,"",69,"Franklin",0.4239," 12,874.0000 ",0.539," 16,368.0000 ",0.0256," 777.0000 ",0.0097," 296.0000 "," 0.0017 "," 53.0000 "," 30,368.00 ",0.560617469879518
"38",37,71,800,"Gastonia",71345.734,25.755632,0.14268126,0.17979321,0.046856489,29469.1477788136,46534.6582931398,0.16587661,0.10561891,0.099896751,0.75846976,0.15897247,0.059203438,0.0084688105,0.13040309,0.8224197,0.02935585,0.0070211617,3.1624961,696.63556,0.34473938,0.21681975,0.29503456,0.23612364,0.61976373,81.678955,0.047371272,578.85425,535.02917,0.0022020349,257.78317,"Gaston",5,"",71,"Gaston",0.3233," 31,177.0000 ",0.6409," 61,798.0000 ",0.0254," 2,445.0000 ",0.0091," 873.0000 "," 0.0014 "," 138.0000 "," 96,431.00 ",0.427094405256547
"39",37,73,2000,"Virginia Beach",61620.941,37.664284,0.10461904,0.10469796,0.0058776084,23383.3584487989,54140.215954743,0.20373712,0.17125405,0.15653197,0.62999099,0.34188735,0.014183816,0.0012298106,0.39707258,0.58231008,0.0076434435,0.0017646616,3.8710454,636.17749,0.37467507,0.18744251,0.26518723,0.18389124,0.53955799,83.468834,0.10957763,35.826637,30.888983,0.0047469945,14.360617,"Gates",1,"",73,"Gates",0.4423," 2,385.0000 ",0.533," 2,874.0000 ",0.02," 108.0000 ",0.0046," 25.0000 "," -   "," -   "," 5,392.00 ",0.731543624161074
"40",37,75,1202,"Sylva",48863.457,25.631723,0.11325416,0.13052396,0.020661341,16927.8557424713,35963.6844599932,0.19591019,0.19344385,0.24946357,0.89628708,0.0033856223,0.021893691,0.00304706,0.0026405544,0.9161877,0.0074282992,0.0016080464,3.4884655,582.65442,0.26199126,0.15612555,0.19524635,0.54226679,0.51067108,82.271896,NA,30.337683,27.365885,-0.018674303,10.202719,"Graham",11,"",75,"Graham",0.1839," 739.0000 ",0.7882," 3,167.0000 ",0.0177," 71.0000 ",0.0102," 41.0000 "," -   "," -   "," 4,018.00 ",0.376833283448069
"41",37,77,1701,"Raleigh",70721.883,28.774567,0.13354847,0.13456209,0.053449899,27587.4244024426,50726.7120534502,0.11701249,0.11019987,0.11972463,0.57664061,0.33333334,0.074804723,0.0043789474,0.33451912,0.61260617,0.038451094,0.0027592338,3.0117631,755.98621,0.3318629,0.23383799,0.29439843,0.21964025,0.56423163,82.390045,0.12700029,112.71516,91.233147,0.018806268,49.656677,"Granville",4,"",77,"Granville",0.4719," 12,909.0000 ",0.4969," 13,591.0000 ",0.0218," 596.0000 ",0.0079," 215.0000 "," 0.0015 "," 42.0000 "," 27,353.00 ",0.662818955042527
"42",37,79,1900,"Jacksonville",55779.117,26.979874,0.081288852,0.09116181,0.073839314,22874.5686733452,37914.745154948,0.19070992,0.20236836,0.19215924,0.46989983,0.37599474,0.14296414,0.0022469806,0.41333643,0.50118864,0.079737343,0.0007884528,2.0607674,578.22162,0.32396069,0.25125366,0.33140898,0.24665783,0.53466773,80.847153,0.04891789,80.330017,71.350143,0.0037477715,32.599049,"Greene",1,"",79,"Greene",0.4453," 3,605.0000 ",0.5403," 4,374.0000 ",0.0105," 85.0000 ",0.0033," 27.0000 "," 0.0005 "," 4.0000 "," 8,095.00 ",0.751526538280883
"43",37,81,500,"Greensboro",83486.602,22.838041,0.30066076,0.31667286,0.09155561,33261.7673884368,52347.5466251438,0.16373233,0.10261107,0.091993295,0.5430482,0.33334768,0.071305431,0.027611844,0.27993935,0.64860183,0.035973813,0.017687764,3.5247116,768.14648,0.37602401,0.23018676,0.31516623,0.30557406,0.66287619,79.873566,0.053709541,761.65509,656.60663,0.0045086602,362.75684,"Guilford",6,"",81,"Guilford",0.5798," 149,248.0000 ",0.381," 98,062.0000 ",0.0262," 6,754.0000 ",0.0104," 2,667.0000 "," 0.0026 "," 674.0000 "," 257,405.00 ",0.616015753199869
"44",37,83,2600,"Roanoke Rapids",51308.637,25.124914,0.11003852,0.1127355,0.019648263,19077.2130730115,33072.8670165109,0.2371356,0.23746137,0.25160316,0.39437932,0.53719991,0.021063795,0.0063081677,0.52222645,0.42708734,0.0099982219,0.0052624564,2.4080949,623.08514,0.42610735,0.34289658,0.42651752,0.38147238,0.47814548,81.742599,NA,75.531189,79.231026,-0.013212907,26.509319,"Halifax",1,"",83,"Halifax",0.6257," 15,748.0000 ",0.3588," 9,031.0000 ",0.0115," 290.0000 ",0.0039," 98.0000 "," -   "," -   "," 25,167.00 ",0.852052749440159
"45",37,85,1701,"Raleigh",63327.441,31.056543,0.12963805,0.16724463,0.0703822,22239.728623383,48482.0991994977,0.1670078,0.14444999,0.16895203,0.64273012,0.21963236,0.10777132,0.007635158,0.22239515,0.69483602,0.058781482,0.005510495,3.035027,671.7132,0.34559226,0.23745497,0.29488635,0.23927981,0.56882221,79.217957,0.047101736,192.74034,153.17029,0.0081495838,75.774765,"Harnett-a",7,"y",85,"Harnett",0.3633," 16,737.0000 ",0.5995," 27,614.0000 ",0.0272," 1,252.0000 ",0.0084," 389.0000 "," 0.0016 "," 73.0000 "," 46,065.00 ",0.491793636567331
"46",37,85,1701,"Raleigh",63327.441,31.056543,0.12963805,0.16724463,0.0703822,22239.728623383,48482.0991994977,0.1670078,0.14444999,0.16895203,0.64273012,0.21963236,0.10777132,0.007635158,0.22239515,0.69483602,0.058781482,0.005510495,3.035027,671.7132,0.34559226,0.23745497,0.29488635,0.23927981,0.56882221,79.217957,0.047101736,192.74034,153.17029,0.0081495838,75.774765,"Harnett-b",8,"y",85,"Harnett",0.3633," 16,737.0000 ",0.5995," 27,614.0000 ",0.0272," 1,252.0000 ",0.0084," 389.0000 "," 0.0016 "," 73.0000 "," 46,065.00 ",0.491793636567331
"47",37,87,1203,"Asheville",61757.906,24.034365,0.15893979,0.20323223,0.026258215,22934.0617770611,44541.3340731203,0.12335973,0.11480363,0.12521628,0.93786842,0.012856563,0.033860695,0.0031398216,0.013209248,0.96026444,0.014092172,0.0020103911,4.0659256,682.23309,0.28474754,0.18592134,0.25895819,0.34300962,0.546848,82.383347,NA,106.62265,97.585823,-0.0014747429,45.92453,"Haywood",11,"",87,"Haywood",0.3408," 10,473.0000 ",0.616," 18,929.0000 ",0.0295," 905.0000 ",0.0099," 303.0000 "," 0.0038 "," 117.0000 "," 30,727.00 ",0.557680362055196
"48",37,89,1203,"Asheville",70677.141,23.022711,0.23112814,0.26260218,0.078232154,27293.9815632936,47687.5978358628,0.12558642,0.096595116,0.1042392,0.844154,0.035844106,0.097657859,0.0070656328,0.030659247,0.90079159,0.054275986,0.0043968628,3.8978102,721.55096,0.24654493,0.18727911,0.23303248,0.29637185,0.5547573,83.16864,NA,302.14764,252.46075,0.0061091376,123.32101,"Henderson",11,"",89,"Henderson",0.3408," 19,827.0000 ",0.6155," 35,807.0000 ",0.028," 1,626.0000 ",0.0118," 687.0000 "," 0.0039 "," 227.0000 "," 58,174.00 ",0.353245655733376
"49",37,91,2600,"Roanoke Rapids",53185.352,25.48698,0.1106255,0.15466802,0.035887361,18376.060109265,33251.194535652,0.24886855,0.18251659,0.24941051,0.34371072,0.6091451,0.026105639,0.0047923396,0.59921491,0.36805072,0.015474714,0.0022928403,2.5651016,573.9566,0.51985162,0.32453069,0.41844356,0.33850417,0.49233675,80.707123,-0.0019003724,69.87178,64.014435,-0.0059975614,24.386721,"Hertford",1,"",91,"Hertford",0.6784," 6,910.0000 ",0.3042," 3,099.0000 ",0.0131," 133.0000 ",0.0043," 44.0000 "," -   "," -   "," 10,186.00 ",0.893537454715438
"50",37,93,1400,"Fayetteville",59323.055,27.702271,0.11127416,0.16368508,0.060999554,22919.3822981198,44345.9100144829,0.20776206,0.16767022,0.20282051,0.40769297,0.34771681,0.12402027,0.0084270388,0.36626098,0.43572152,0.081957698,0.0076763071,3.6311183,667.85345,0.42671624,0.34954995,0.33454144,0.2125314,0.54085672,76.441528,0.13630381,186.74431,133.82175,0.012608021,45.574596,"Hoke",9,"",93,"Hoke",0.5335," 9,725.0000 ",0.4257," 7,759.0000 ",0.0317," 577.0000 ",0.0077," 140.0000 "," 0.0015 "," 27.0000 "," 18,184.00 ",0.71476682041145
"51",37,95,2100,"Washington",50043.422,22.491997,0.10572793,0.11672225,0.045970984,17665,37741,0.20412467,0.15436894,0.23993257,0.59139413,0.32168674,0.070740104,0.0020654046,0.35255751,0.61620325,0.022485411,0.0036045315,4.3271809,774,0.40706319,0.1825525,0.26689774,0.43915662,0.4660275,86,NA,9.4826174,9.5087318,-0.04017644,3.1189816,"Hyde",3,"",95,"Hyde",0.4188," 965.0000 ",0.559," 1,288.0000 ",0.0182," 42.0000 ",0.0035," 8.0000 "," 0.0004 "," 1.0000 "," 2,304.00 ",0.785632839224629
"52",37,97,1100,"Hickory",80527.594,26.584019,0.18421835,0.21809481,0.047091007,30661.5352098433,58044.3388862058,0.12063626,0.07360781,0.082893461,0.77840775,0.12534104,0.068014324,0.012375506,0.12221311,0.82852763,0.029986693,0.007342149,3.9491868,736.57819,0.24501985,0.17440946,0.24315052,0.30539364,0.6523068,83.040688,-0.24757627,277.84418,213.66054,0.0086614024,126.82369,"Iredell",10,"",97,"Iredell",0.2996," 24,734.0000 ",0.6631," 54,754.0000 ",0.0265," 2,185.0000 ",0.0091," 754.0000 "," 0.0017 "," 140.0000 "," 82,567.00 ",0.357439131314494
"53",37,99,1202,"Sylva",61823.832,21.548391,0.2791608,0.28170279,0.044189509,22234.613428234,39626.779667751,0.20505892,0.16580053,0.16343221,0.81435776,0.021727795,0.050607137,0.0068463953,0.019502286,0.85139084,0.017083414,0.0039942185,2.9549296,648.74133,0.34251472,0.20507206,0.28697956,0.41954747,0.56539071,78.579201,-0.1001505,82.059105,67.493393,-0.013311612,34.241047,"Jackson",11,"",99,"Jackson",0.4115," 7,564.0000 ",0.528," 9,706.0000 ",0.0399," 734.0000 ",0.0146," 268.0000 "," 0.0060 "," 110.0000 "," 18,382.00 ",0.583005893909627
"54",37,101,1701,"Raleigh",71967.016,32.808861,0.16323869,0.19439504,0.078899905,26568.948720914,53390.8738675257,0.14966618,0.11950595,0.12896493,0.69795352,0.15554424,0.12917016,0.0053122276,0.15042329,0.76388794,0.074359909,0.0026874954,3.3212483,800.85968,0.28118631,0.18997961,0.23146339,0.21920018,0.6542275,81.644737,-0.17751229,213.4187,154.12048,0.019858463,99.144569,"Johnston",7,"",101,"Johnston",0.3317," 28,362.0000 ",0.6359," 54,372.0000 ",0.0274," 2,347.0000 ",0.0037," 314.0000 "," 0.0013 "," 112.0000 "," 85,507.00 ",0.437004766386351
"55",37,103,1900,"Jacksonville",58016.742,30.516167,0.095078915,0.10605047,0.03269178,19646.1686504733,33926.3417709052,0.16528276,0.16852859,0.20151415,0.61233133,0.33310351,0.039200235,0.0028562988,0.35700652,0.60561615,0.02731063,0.00094286364,2.6726487,552.02716,0.43823513,0.21132249,0.33572429,0.20368385,0.53662771,82.20118,NA,21.56959,22.080004,-0.012564017,8.8313589,"Jones",3,"",103,"Jones",0.4021," 2,065.0000 ",0.5792," 2,974.0000 ",0.0115," 59.0000 ",0.0072," 37.0000 "," -   "," -   "," 5,135.00 ",0.659307576517812
"56",37,105,1701,"Raleigh",71997.602,25.639984,0.17060672,0.17343301,0.10830472,27367.2152063243,46689.7284415719,0.15087055,0.12549528,0.14021862,0.59311169,0.20428231,0.18276708,0.0073114526,0.20123599,0.6713379,0.11247852,0.0063062878,3.2698817,704.20966,0.34567156,0.25894821,0.30874443,0.30870616,0.608877,79.611107,0.40363234,226.96288,192.25327,-0.0031963435,91.909256,"Lee-a",13,"y",105,"Lee",0.4174," 10,469.0000 ",0.5466," 13,712.0000 ",0.0273," 684.0000 ",0.0076," 191.0000 "," 0.0011 "," 28.0000 "," 25,084.00 ",0.57762304162051
"57",37,105,1701,"Raleigh",71997.602,25.639984,0.17060672,0.17343301,0.10830472,27367.2152063243,46689.7284415719,0.15087055,0.12549528,0.14021862,0.59311169,0.20428231,0.18276708,0.0073114526,0.20123599,0.6713379,0.11247852,0.0063062878,3.2698817,704.20966,0.34567156,0.25894821,0.30874443,0.30870616,0.608877,79.611107,0.40363234,226.96288,192.25327,-0.0031963435,91.909256,"Lee-b",8,"y",105,"Lee",0.4174," 10,469.0000 ",0.5466," 13,712.0000 ",0.0273," 684.0000 ",0.0076," 191.0000 "," 0.0011 "," 28.0000 "," 25,084.00 ",0.57762304162051
"58",37,107,1900,"Jacksonville",59705.355,24.013777,0.1294408,0.14155261,0.040470775,23103.0370902256,37946.4996890495,0.22510171,0.15686694,0.175916,0.51251364,0.40954703,0.065837465,0.0036852937,0.3840014,0.57451731,0.033155367,0.0027453443,2.6301198,624.84375,0.44314393,0.27540439,0.37691024,0.35256305,0.55814588,80.299225,0.084759727,148.51807,148.88095,0.0014450136,64.961517,"Lenoir",3,"",107,"Lenoir",0.4645," 12,091.0000 ",0.5141," 13,381.0000 ",0.0152," 395.0000 ",0.0062," 162.0000 "," -   "," -   "," 26,029.00 ",0.674981658107117
"59",37,109,800,"Gastonia",73621.484,28.894035,0.13070722,0.17856507,0.051097076,30222.546957885,51196.6357758896,0.13639876,0.087800376,0.092620105,0.85784197,0.060205709,0.066926464,0.004097532,0.062923595,0.87422478,0.052602451,0.0024060339,4.2433004,652.87946,0.29656065,0.16033122,0.22296098,0.22697847,0.6569041,81.982956,0.14746493,262.68887,214.07138,0.0098565398,122.79065,"Lincoln",10,"",109,"Lincoln",0.2473," 9,897.0000 ",0.7197," 28,806.0000 ",0.0243," 971.0000 ",0.0076," 305.0000 "," 0.0011 "," 44.0000 "," 40,023.00 ",0.33630615640599
"60",37,111,1002,"Morganton",57669.457,26.158823,0.088948101,0.13921081,0.02923849,22959.781918472,37921.3658325184,0.18450315,0.11587062,0.11193797,0.88856786,0.041470353,0.05316028,0.002784977,0.042356987,0.91036659,0.028650204,0.0028784089,3.191397,587.29663,0.33882147,0.16268578,0.25545102,0.31970689,0.58289367,79.404373,-0.016416002,102.12276,95.674126,-0.0089830589,42.198605,"Mcdowell",11,"",111,"Macon",0.275," 4,876.0000 ",0.6838," 12,127.0000 ",0.0263," 467.0000 ",0.0129," 228.0000 "," 0.0020 "," 36.0000 "," 17,734.00 ",0.412531363256203
"61",37,113,1201,"Franklin",59448.906,21.567141,0.15720269,0.18457998,0.055232543,20751.0613664442,39629.2550262367,0.16627347,0.12566851,0.16509023,0.90203995,0.01509345,0.065739051,0.0046166298,0.012727711,0.96093535,0.015019634,0.0027037736,3.6392426,698.8515,0.2873697,0.15011476,0.23412608,0.38238898,0.52436346,85.523743,0.034550395,65.796539,57.822674,-0.0067416304,26.790339,"Macon",11,"",113,"Madison",0.3484," 3,926.0000 ",0.6019," 6,783.0000 ",0.0298," 336.0000 ",0.0091," 103.0000 "," 0.0107 "," 121.0000 "," 11,269.00 ",0.383557287111394
"62",37,115,1203,"Asheville",56235.59,31.580841,0.16634268,0.19328551,0.01751926,20444.709699984,42071.0059237141,0.16772935,0.15122886,0.19840632,0.95039493,0.013436717,0.020371797,0.003130418,0.0087914784,0.96758825,0.013533478,0.0022073092,3.313792,703.5191,0.28600079,0.13369963,0.23930566,0.1902331,0.55362743,83.848785,0.058305439,46.186459,43.690983,-0.0057382062,19.374111,"Madison",11,"",115,"Martin",0.4886," 5,846.0000 ",0.4929," 5,897.0000 ",0.0138," 165.0000 ",0.0039," 47.0000 "," 0.0008 "," 9.0000 "," 11,964.00 ",0.596190476190476
"63",37,117,2100,"Washington",55493.539,25.633793,0.11584855,0.12424174,0.014917965,20515.6926444472,36100.9291573148,0.23360007,0.1979807,0.21342081,0.52193427,0.43856359,0.03138135,0.0027749438,0.44173819,0.53094643,0.020413503,0.002349857,2.6221063,494.54047,0.43415469,0.24376775,0.35045069,0.3781628,0.54144323,82.997101,0.17608471,53.131172,55.49015,-0.023542836,19.619831,"Martin",1,"",117,"McDowell",0.2348," 4,667.0000 ",0.733," 14,568.0000 ",0.0199," 396.0000 ",0.0115," 229.0000 "," 0.0008 "," 15.0000 "," 19,875.00 ",0.749153932929956
"64",37,119,900,"Charlotte",100249.91,27.752991,0.37729976,0.39484352,0.13474363,39260.7432640826,66070.6186606091,0.12595969,0.083724625,0.077393487,0.50604373,0.31359419,0.12172748,0.037684985,0.25576746,0.64411306,0.0572289,0.026139371,3.8317885,945.58344,0.35560977,0.19758962,0.27577159,0.22723611,0.69811082,77.985649,-0.068042047,1776.3347,1343.3214,0.025607429,948.29144,"Mecklenburg-a",9,"y",119,"Mecklenburg",0.6229," 294,562.0000 ",0.3289," 155,518.0000 ",0.0328," 15,488.0000 ",0.0126," 5,937.0000 "," 0.0029 "," 1,352.0000 "," 472,857.00 ",0.631823141629967
"65",37,119,900,"Charlotte",100249.91,27.752991,0.37729976,0.39484352,0.13474363,39260.7432640826,66070.6186606091,0.12595969,0.083724625,0.077393487,0.50604373,0.31359419,0.12172748,0.037684985,0.25576746,0.64411306,0.0572289,0.026139371,3.8317885,945.58344,0.35560977,0.19758962,0.27577159,0.22723611,0.69811082,77.985649,-0.068042047,1776.3347,1343.3214,0.025607429,948.29144,"Mecklenburg-b",12,"y",119,"Mecklenburg",0.6229," 294,562.0000 ",0.3289," 155,518.0000 ",0.0328," 15,488.0000 ",0.0126," 5,937.0000 "," 0.0029 "," 1,352.0000 "," 472,857.00 ",0.631823141629967
"66",37,121,1002,"Morganton",54929.664,25.703615,0.12236409,0.14615951,0.0170289,20805.8073030316,39554.4901469927,0.16447563,0.13815956,0.15771444,0.94075358,0.004749984,0.040503241,0.0030810707,0.0027583383,0.96945852,0.019949865,0.0013286632,2.8694129,520.90326,0.24088007,0.14795703,0.20582545,0.34617025,0.55209839,84.402565,0.13192186,70.35791,70.845657,-0.018590888,26.803658,"Mitchell",11,"",121,"Mitchell",0.1971," 1,596.0000 ",0.7759," 6,282.0000 ",0.017," 138.0000 ",0.0069," 56.0000 "," 0.0030 "," 24.0000 "," 8,096.00 ",0.136007990677543
"67",37,123,1400,"Fayetteville",62416.902,25.594416,0.099496022,0.14548534,0.093820103,23097.2923074437,35287.9090941794,0.23038094,0.15287122,0.14458063,0.6430319,0.19267574,0.14123318,0.0032736168,0.21026176,0.65922076,0.10706069,0.0037581157,2.9303539,512.17303,0.31423947,0.22676373,0.27341196,0.35443088,0.56785035,81.165787,-0.065030366,56.527691,54.542976,-0.009123533,21.780994,"Montgomery",8,"",123,"Montgomery",0.3596," 4,150.0000 ",0.6179," 7,130.0000 ",0.0176," 203.0000 ",0.0044," 51.0000 "," 0.0005 "," 6.0000 "," 11,540.00 ",0.56823168056165
"68",37,125,1400,"Fayetteville",78763.727,23.454914,0.26561671,0.28633824,0.051376007,29323.9319867961,54225.8327535214,0.12936723,0.11118495,0.10837799,0.77608305,0.13982345,0.059616759,0.0068243938,0.15813147,0.78775042,0.037967868,0.0035794266,3.8593888,818.1452,0.29863176,0.20916966,0.27781743,0.31221861,0.53445244,84.74968,0.063534833,126.45718,107.15002,0.0038261057,50.09164,"Moore-a",8,"y",125,"Moore",0.3354," 16,328.0000 ",0.6262," 30,487.0000 ",0.0278," 1,354.0000 ",0.0096," 468.0000 "," 0.0010 "," 50.0000 "," 48,687.00 ",0.358998225661014
"69",37,125,1400,"Fayetteville",78763.727,23.454914,0.26561671,0.28633824,0.051376007,29323.9319867961,54225.8327535214,0.12936723,0.11118495,0.10837799,0.77608305,0.13982345,0.059616759,0.0068243938,0.15813147,0.78775042,0.037967868,0.0035794266,3.8593888,818.1452,0.29863176,0.20916966,0.27781743,0.31221861,0.53445244,84.74968,0.063534833,126.45718,107.15002,0.0038261057,50.09164,"Moore-b",9,"y",125,"Moore",0.3354," 16,328.0000 ",0.6262," 30,487.0000 ",0.0278," 1,354.0000 ",0.0096," 468.0000 "," 0.0010 "," 50.0000 "," 48,687.00 ",0.358998225661014
"70",37,127,1600,"Wilson",70178.633,23.682047,0.17117457,0.1908465,0.049305342,27293.9347154177,44879.8758555926,0.13952903,0.12725586,0.12826641,0.54017109,0.3784954,0.062760852,0.0067987335,0.32540554,0.62562853,0.034359619,0.0048110699,2.5143266,651.2876,0.41585994,0.22477888,0.29452747,0.34597805,0.58744615,81.594093,-0.08592242,177.34781,161.76697,-0.0020991971,75.209984,"Nash",1,"",127,"Nash",0.4875," 23,235.0000 ",0.4892," 23,318.0000 ",0.0157," 750.0000 ",0.0063," 301.0000 "," 0.0013 "," 60.0000 "," 47,664.00 ",0.630760646257641
"71",37,129,1500,"Wilmington",79150.219,21.731945,0.31230697,0.3577852,0.053019397,30646.6049715405,55954.4158833543,0.15514617,0.12418245,0.11599088,0.76791483,0.15329087,0.052874912,0.010513369,0.15604451,0.80500668,0.019858569,0.007716035,4.1720586,958.73621,0.34864706,0.24592862,0.31256759,0.35045856,0.62666178,81.933792,0.094433114,1058.1199,836.96826,0.013480644,528.5979,"New Hanover",7,"",129,"New Hanover",0.4556," 50,975.0000 ",0.4946," 55,340.0000 ",0.0353," 3,949.0000 ",0.0106," 1,184.0000 "," 0.0040 "," 449.0000 "," 111,897.00 ",0.477680103481957
"72",37,131,2600,"Roanoke Rapids",52938.48,26.989508,0.10793639,0.11893446,0.0067128562,17994.9521966495,32154.916738314,0.21471745,0.21303794,0.234635,0.38897687,0.58780938,0.013801529,0.0015449956,0.59338218,0.39264566,0.0073150424,0.0011577558,2.1344974,546.95648,0.43574968,0.32357955,0.41938046,0.26777917,0.46042657,81.251877,NA,41.184219,41.159992,-0.012375902,13.686453,"Northampton",1,"",131,"Northampton",0.6239," 6,144.0000 ",0.3637," 3,582.0000 ",0.0094," 93.0000 ",0.0029," 29.0000 "," -   "," -   "," 9,848.00 ",0.87812199807877
"73",37,133,1900,"Jacksonville",61624.273,24.318743,0.14057416,0.16851544,0.044936601,24811.9324706258,47131.9684138689,0.12857527,0.11877574,0.11177375,0.68941116,0.16674729,0.10066827,0.016557978,0.18577841,0.70817345,0.066432334,0.014652086,3.2749159,751.97565,0.28790358,0.17043039,0.23331451,0.31177035,0.4653461,78.36895,0.089425743,233.06873,197.12155,0.014423012,78.053612,"Onslow",3,"",133,"Onslow",0.3065," 17,514.0000 ",0.6497," 37,122.0000 ",0.0337," 1,926.0000 ",0.0084," 481.0000 "," 0.0016 "," 92.0000 "," 57,135.00 ",0.40246571895836
"74",37,135,1701,"Raleigh",89851.891,23.476469,0.54515332,0.5527072,0.13267247,30581.0035485928,66059.0044427201,0.19561522,0.16273841,0.13802582,0.70755076,0.12536529,0.082338698,0.056351624,0.14274572,0.75837028,0.044592947,0.036764141,4.759213,884.23114,0.26589417,0.20450346,0.26208168,0.27321258,0.65641367,83.608025,0.14649063,336.21976,297.08487,0.012184021,172.84531,"Orange",4,"",135,"Orange",0.7278," 59,923.0000 ",0.2254," 18,557.0000 ",0.0292," 2,404.0000 ",0.0121," 997.0000 "," 0.0056 "," 459.0000 "," 82,340.00 ",0.770137252183557
"75",37,137,1900,"Jacksonville",63814.301,29.452152,0.14783865,0.17666565,0.035252191,21747.8612294583,44800.5095861229,0.1090059,0.1526196,0.18612164,0.74771762,0.2058734,0.031345099,0.0034344841,0.24354149,0.72880375,0.013448709,0.0034832158,2.8198249,636.29169,0.28290835,0.21241964,0.27317068,0.30544484,0.47774816,85.224106,NA,39.056625,38.432625,-0.0099120066,14.509548,"Pamlico",3,"",137,"Pamlico",0.3563," 2,448.0000 ",0.6198," 4,258.0000 ",0.018," 124.0000 ",0.0044," 30.0000 "," 0.0015 "," 10.0000 "," 6,870.00 ",0.548030273627013
"76",37,139,2000,"Virginia Beach",58515.863,24.145611,0.16675383,0.19275622,0.028212501,23929.3638375839,46143.54009985,0.18094249,0.17597361,0.17915052,0.55013406,0.38653746,0.040382676,0.0103543,0.39265466,0.57568228,0.01191426,0.0077503799,3.4920869,847.32397,0.34552181,0.24588674,0.34470186,0.4684892,0.53494877,80.159737,-0.12911475,179.21809,153.81664,-0.0016693765,70.402855,"Pasquotank",3,"",139,"Pasquotank",0.4954," 8,615.0000 ",0.4704," 8,180.0000 ",0.0254," 442.0000 ",0.007," 122.0000 "," 0.0018 "," 32.0000 "," 17,391.00 ",0.681544995592596
"77",37,141,1500,"Wilmington",66276.273,30.245352,0.13978283,0.18033579,0.042579867,23980.6708615985,47158.3109140701,0.14432676,0.13192317,0.16670008,0.73861003,0.1832545,0.061167818,0.0032299277,0.22354072,0.73009068,0.034559838,0.0017635067,2.9939988,730.84546,0.34381422,0.19582669,0.26376951,0.20584118,0.54917336,83.979935,NA,60.033688,47.231819,0.01441313,26.172834,"Pender",7,"",141,"Pender",0.3354," 9,354.0000 ",0.6326," 17,639.0000 ",0.0245," 683.0000 ",0.0056," 157.0000 "," 0.0019 "," 52.0000 "," 27,885.00 ",0.435739690473902
"78",37,143,2000,"Virginia Beach",53487.461,32.346329,0.1233345,0.17898226,0.0087020509,19877.0556009812,43824.9138482123,0.16891283,0.18053506,0.21563874,0.71419013,0.25317773,0.021259198,0.0023043188,0.28192085,0.70484996,0.0060094604,0.0013188308,2.7927437,752.15698,0.26874548,0.25594404,0.30769339,0.25191289,0.48838601,87.144127,NA,54.445969,46.007713,-0.0030587201,19.110523,"Perquimans",3,"",143,"Perquimans",0.3457," 2,319.0000 ",0.6227," 4,177.0000 ",0.0242," 162.0000 ",0.0064," 43.0000 "," 0.0010 "," 7.0000 "," 6,708.00 ",0.589650766609881
"79",37,145,1701,"Raleigh",65584.094,31.248617,0.1029766,0.13896835,0.0233449,26538.8171389425,42309.9039377661,0.16038272,0.11936535,0.12298385,0.66779852,0.27777216,0.040365905,0.0028126901,0.2796222,0.68711573,0.021294491,0.0014457465,3.5650828,621.83661,0.35865039,0.19539201,0.30023703,0.24692206,0.60391456,84.507233,NA,100.59084,90.800415,-0.0053408397,41.917099,"Person",13,"",145,"Person",0.3993," 7,832.0000 ",0.5703," 11,185.0000 ",0.0214," 419.0000 ",0.0072," 142.0000 "," 0.0018 "," 36.0000 "," 19,614.00 ",0.641957563312799
"80",37,147,1900,"Jacksonville",66983.789,21.93932,0.2882106,0.29773602,0.047563251,26390.810401735,44884.62879725,0.23695779,0.19150606,0.188227,0.57115161,0.34806836,0.054725599,0.013243441,0.32338163,0.62562907,0.030695967,0.010498177,3.1461475,662.12952,0.4259192,0.23693097,0.34399164,0.3713716,0.62454981,77.344742,0.0047310377,257.90521,205.21716,0.019669956,123.92174,"Pitt-a",3,"y",147,"Pitt",0.5194," 41,824.0000 ",0.4432," 35,691.0000 ",0.0268," 2,162.0000 ",0.0084," 680.0000 "," 0.0021 "," 170.0000 "," 80,527.00 ",0.633544272425359
"81",37,147,1900,"Jacksonville",66983.789,21.93932,0.2882106,0.29773602,0.047563251,26390.810401735,44884.62879725,0.23695779,0.19150606,0.188227,0.57115161,0.34806836,0.054725599,0.013243441,0.32338163,0.62562907,0.030695967,0.010498177,3.1461475,662.12952,0.4259192,0.23693097,0.34399164,0.3713716,0.62454981,77.344742,0.0047310377,257.90521,205.21716,0.019669956,123.92174,"Pitt-b",1,"y",147,"Pitt",0.5194," 41,824.0000 ",0.4432," 35,691.0000 ",0.0268," 2,162.0000 ",0.0084," 680.0000 "," 0.0021 "," 170.0000 "," 80,527.00 ",0.633544272425359
"82",37,149,700,"Spartanburg",66219.43,27.1938,0.25250709,0.26456153,0.046853457,26565.8382592866,47526.5527547538,0.12231795,0.10107778,0.097704552,0.88376403,0.049439296,0.054705024,0.0031204291,0.058029048,0.90220743,0.03031414,0.0023513888,4.1265244,794.55676,0.2868062,0.16557737,0.2327826,0.2641041,0.53152454,83.291824,NA,86.252937,77.057419,-0.0067174444,34.025967,"Polk",11,"",149,"Polk",0.3416," 3,735.0000 ",0.619," 6,768.0000 ",0.0249," 272.0000 ",0.0098," 107.0000 "," 0.0048 "," 52.0000 "," 10,934.00 ",0.429102935097148
"83",37,151,500,"Greensboro",67179.164,24.440006,0.10987534,0.12899305,0.06880068,27496.2088932619,44059.4519654044,0.17399552,0.091056645,0.083083786,0.81272221,0.062418871,0.10368813,0.0057443064,0.055804957,0.86254013,0.066166364,0.0041671023,3.8547146,593.43939,0.29631746,0.17625353,0.24565296,0.31398726,0.66516441,81.718529,0.15016909,181.14948,166.70908,-0.013086301,79.33532,"Randolph",13,"",151,"Randolph",0.2043," 13,194.0000 ",0.7655," 49,430.0000 ",0.0217," 1,403.0000 ",0.0069," 446.0000 "," 0.0016 "," 102.0000 "," 64,575.00 ",0.267014852293129
"84",37,153,1400,"Fayetteville",54311.477,22.500444,0.10108284,0.10097104,0.039761927,21809.0033698446,32750.1644117584,0.24393831,0.1952527,0.16790619,0.5868265,0.31154186,0.058770556,0.0053603207,0.30766264,0.63438183,0.0283565,0.0053514736,3.127811,559.10168,0.4478001,0.27956739,0.38500169,0.4582805,0.52865475,76.541664,0.037892587,98.431686,98.342606,-0.020611612,32.472179,"Richmond",9,"",153,"Richmond",0.4398," 8,501.0000 ",0.5372," 10,383.0000 ",0.0172," 333.0000 ",0.0045," 87.0000 "," 0.0012 "," 24.0000 "," 19,328.00 ",0.741854636591479
"85",37,155,1400,"Fayetteville",53104.91,27.268614,0.11503849,0.1235174,0.055483144,19921.8867464671,31834.8715043826,0.30094361,0.22797322,0.23291591,0.26951286,0.25020126,0.081479937,0.0051115942,0.24151693,0.30772597,0.049589008,0.0030284345,2.4852026,559.0603,0.51275373,0.31849438,0.41179428,0.28882289,0.53013057,73.393478,0.013715168,141.34492,129.93666,-0.0051220814,48.396374,"Robeson",9,"",155,"Robeson",0.4654," 19,016.0000 ",0.5082," 20,762.0000 ",0.0197," 803.0000 ",0.0062," 252.0000 "," 0.0006 "," 25.0000 "," 40,858.00 ",0.828990228013029
"86",37,157,500,"Greensboro",62437.688,27.252188,0.10923325,0.12516277,0.037205841,26715.292369015,40689.9861602042,0.15534699,0.12657666,0.11686523,0.7341072,0.19636278,0.055092212,0.0036176778,0.19123678,0.76877558,0.030440001,0.0022512591,3.1379588,566.91528,0.37578216,0.2230991,0.28796804,0.29615068,0.5844171,83.495781,0.067944333,165.57805,162.57228,-0.011890799,67.325371,"Rockingham",10,"",157,"Rockingham",0.3365," 14,228.0000 ",0.6346," 26,830.0000 ",0.0206," 871.0000 ",0.007," 294.0000 "," 0.0013 "," 55.0000 "," 42,278.00 ",0.506331459633084
"87",37,159,900,"Charlotte",66840.383,24.449646,0.14047213,0.16934496,0.051987495,26999.6922181534,44843.5382437079,0.16318624,0.10587604,0.089491002,0.73674399,0.1671266,0.076891959,0.0059953802,0.15375826,0.78795624,0.040867303,0.0050562019,3.1035652,667.60498,0.30988491,0.2194984,0.29189059,0.31830174,0.60982108,80.250404,0.0007422145,270.69815,254.88194,-0.011035459,111.45267,"Rowan",13,"",159,"Rowan",0.3014," 19,400.0000 ",0.6651," 42,810.0000 ",0.0236," 1,517.0000 ",0.0088," 564.0000 "," 0.0012 "," 78.0000 "," 64,369.00 ",0.379260543038706
"88",37,161,800,"Gastonia",57867.332,23.322552,0.1236814,0.14301506,0.025250277,24227.4020125093,36102.4459961658,0.20665617,0.1382412,0.12050008,0.8413803,0.1103377,0.035348769,0.0037297369,0.11258019,0.86020064,0.01778906,0.0028249442,3.7174315,557.2262,0.33097804,0.2175035,0.28170377,0.33647674,0.57060897,84.862534,0.12468289,120.19832,111.49865,-0.018798459,40.838356,"Rutherford-a",5,"y",161,"Rutherford",0.248," 7,515.0000 ",0.7216," 21,869.0000 ",0.0206," 624.0000 ",0.0086," 261.0000 "," 0.0013 "," 39.0000 "," 30,308.00 ",0.458523204884307
"89",37,161,800,"Gastonia",57867.332,23.322552,0.1236814,0.14301506,0.025250277,24227.4020125093,36102.4459961658,0.20665617,0.1382412,0.12050008,0.8413803,0.1103377,0.035348769,0.0037297369,0.11258019,0.86020064,0.01778906,0.0028249442,3.7174315,557.2262,0.33097804,0.2175035,0.28170377,0.33647674,0.57060897,84.862534,0.12468289,120.19832,111.49865,-0.018798459,40.838356,"Rutherford-b",11,"y",161,"Rutherford",0.248," 7,515.0000 ",0.7216," 21,869.0000 ",0.0206," 624.0000 ",0.0086," 261.0000 "," 0.0013 "," 39.0000 "," 30,308.00 ",0.458523204884307
"90",37,163,1800,"Goldsboro",58674.039,26.302811,0.11006812,0.12246555,0.095272936,20208.3201286885,37368.3613375163,0.20365854,0.17517082,0.20251957,0.53213727,0.27499172,0.16458829,0.0030426763,0.29644826,0.57181662,0.1074341,0.0029472087,3.5267112,547.77942,0.37842351,0.25009868,0.29771176,0.33928591,0.57333392,79.618179,0.030157551,67.141151,63.681015,-0.010047238,28.859762,"Sampson",7,"",163,"Sampson",0.4068," 10,547.0000 ",0.5723," 14,838.0000 ",0.0152," 393.0000 ",0.0058," 150.0000 "," -   "," -   "," 25,928.00 ",0.513450345996975
"91",37,165,1400,"Fayetteville",61182.898,22.157301,0.15806073,0.13978624,0.018361349,23668.4654980162,30759.5534751224,0.29309192,0.2027985,0.17857093,0.45924717,0.39192963,0.020853501,0.0049136863,0.36566263,0.51691806,0.011583152,0.0046301414,3.8202059,602.04944,0.49851274,0.28903303,0.42331448,0.40061721,0.53419739,77.891502,0.13874342,113.39993,112.79841,-0.030233517,32.630276,"Scotland",9,"",165,"Scotland",0.5255," 7,319.0000 ",0.4492," 6,256.0000 ",0.0182," 254.0000 ",0.0052," 73.0000 "," 0.0019 "," 26.0000 "," 13,928.00 ",0.780818053596615
"92",37,167,900,"Charlotte",66100,26.805487,0.12669978,0.1553046,0.028025884,25811.3850613664,44356.2327638854,0.1250035,0.10579604,0.10736099,0.82325655,0.11478089,0.035751425,0.0042792833,0.11368109,0.84042233,0.021253483,0.0034061898,3.7368567,624.6601,0.21425907,0.18747865,0.24381073,0.3269977,0.61931276,81.909065,NA,153.34636,147.05659,-0.0036558206,67.068939,"Stanly",8,"",167,"Stanly",0.2371," 7,094.0000 ",0.7342," 21,964.0000 ",0.0222," 664.0000 ",0.0056," 169.0000 "," 0.0009 "," 26.0000 "," 29,917.00 ",0.359687228496959
"93",37,169,401,"Winston-Salem",66558.922,31.375854,0.09346775,0.10848697,0.014287378,27902.2205635633,42609.7086137423,0.1221305,0.090710029,0.097187147,0.91658401,0.044788085,0.026455138,0.0023932923,0.047031809,0.92623174,0.018753342,0.0018217687,3.7277863,554.74506,0.28284523,0.14547412,0.22647706,0.19169684,0.63780546,83.120743,0.10618838,105.60379,99.582298,-0.0108481,45.531204,"Stokes",10,"",169,"Stokes",0.2069," 4,665.0000 ",0.759," 17,116.0000 ",0.0253," 571.0000 ",0.0077," 173.0000 "," 0.0011 "," 25.0000 "," 22,550.00 ",0.317182111155086
"94",37,171,401,"Winston-Salem",61707.5,25.763081,0.11835366,0.14741477,0.058605291,23834.818020144,38208.9569855985,0.17020109,0.12461782,0.11439629,0.84985,0.040747628,0.097118348,0.0034632096,0.04156654,0.88068795,0.065304108,0.0020475241,3.7917874,579.10486,0.28804389,0.1499303,0.22652906,0.3144682,0.61103362,83.679665,NA,138.43988,133.81294,-0.0098282387,57.326099,"Surry",10,"",171,"Surry",0.2326," 9,005.0000 ",0.7352," 23,671.0000 ",0.023," 739.0000 ",0.0078," 250.0000 "," 0.0015 "," 48.0000 "," 32,196.00 ",0.398093782675139
"95",37,173,1202,"Sylva",54034.414,21.000074,0.13535516,0.18478489,0.027871747,16037.0045061154,33823.3041985552,0.22996892,0.18234524,0.27991325,0.65574712,0.0095129106,0.038623847,0.0039670723,0.017676773,0.65776336,0.014807357,0.001396595,3.0163126,558.3656,0.25475016,0.29750818,0.33941326,0.40205511,0.5243178,82.992271,-0.12955625,71.552132,66.35865,-0.0070832693,10.95084,"Swain",11,"",173,"Swain",0.3586," 2,196.0000 ",0.5824," 3,566.0000 ",0.0392," 240.0000 ",0.015," 92.0000 "," 0.0047 "," 27.0000 "," 6,123.00 ",0.595888811025461
"96",37,175,1203,"Asheville",68152.266,23.442387,0.23482764,0.26499733,0.035241816,25466.3849524656,44298.5025989725,0.14206201,0.094246313,0.13201521,0.90809911,0.046267755,0.029132668,0.0035242487,0.04666153,0.93041974,0.010199449,0.0033585685,3.458616,679.62317,0.24252872,0.1811613,0.26474991,0.39057842,0.52205634,83.021286,0.0057387245,87.417572,77.494926,0.0098851509,32.771683,"Transylvania",11,"",175,"Transylvania",0.367," 6,558.0000 ",0.5887," 10,520.0000 ",0.0274," 489.0000 ",0.0123," 220.0000 "," 0.0046 "," 82.0000 "," 17,869.00 ",0.442071026722925
"97",37,177,2100,"Washington",51374.512,33.985657,0.10608204,0.083528034,0.033150434,16363,32165,0.21907216,0.23318988,0.25032458,0.53324258,0.38779214,0.054458816,0.016840678,0.39696312,0.5550735,0.03615329,0.0067712096,3.2308824,580,0.50995022,0.24468085,0.37585422,0.38284519,0.47186276,79.699997,0.29434457,11.32803,10.66485,-0.043477464,3.4958293,"Tyrrell",3,"",177,"Tyrrell",0.414," 720.0000 ",0.5607," 975.0000 ",0.0161," 28.0000 ",0.0063," 11.0000 "," 0.0029 "," 5.0000 "," 1,739.00 ",0.799684542586751
"98",37,179,900,"Charlotte",95888.594,30.937113,0.24614529,0.29945397,0.081593476,33381.2613090825,75650.5691930131,0.083980739,0.069078647,0.072201706,0.74567294,0.12194225,0.10416211,0.014614268,0.1048599,0.83110136,0.048338667,0.0059433351,4.4115682,718.70392,0.21066767,0.15790427,0.17598882,0.19313875,0.68896753,83.272469,0.019253256,318.74057,195.84515,0.031464264,156.3886,"Union",9,"",179,"Union",0.3248," 34,335.0000 ",0.631," 66,705.0000 ",0.0315," 3,327.0000 ",0.0111," 1,176.0000 "," 0.0015 "," 163.0000 "," 105,706.00 ",0.357678275290216
"99",37,181,1702,"Henderson",59094.477,24.050226,0.10302327,0.10525289,0.036764577,23686.8637224253,33262.5258465061,0.27537212,0.19800167,0.18819059,0.42052308,0.50213552,0.067170098,0.0038350041,0.4728469,0.47511965,0.043565158,0.0035344714,3.1728728,586.73047,0.54918033,0.30686304,0.40360969,0.34733921,0.56693292,79.887672,0.05569315,179.16748,169.43242,-0.0092457123,63.289642,"Vance-a",4,"y",181,"Vance",0.6122," 12,229.0000 ",0.367," 7,332.0000 ",0.0147," 294.0000 ",0.0049," 97.0000 "," 0.0013 "," 25.0000 "," 19,977.00 ",0.819907735982967
"100",37,181,1702,"Henderson",59094.477,24.050226,0.10302327,0.10525289,0.036764577,23686.8637224253,33262.5258465061,0.27537212,0.19800167,0.18819059,0.42052308,0.50213552,0.067170098,0.0038350041,0.4728469,0.47511965,0.043565158,0.0035344714,3.1728728,586.73047,0.54918033,0.30686304,0.40360969,0.34733921,0.56693292,79.887672,0.05569315,179.16748,169.43242,-0.0092457123,63.289642,"Vance-b",1,"y",181,"Vance",0.6122," 12,229.0000 ",0.367," 7,332.0000 ",0.0147," 294.0000 ",0.0049," 97.0000 "," 0.0013 "," 25.0000 "," 19,977.00 ",0.819907735982967
"101",37,183,1701,"Raleigh",102325.53,26.983032,0.43106964,0.46997371,0.12732926,38459.5672620525,76161.1412991239,0.10341379,0.077295601,0.078228153,0.62213135,0.21248445,0.097583443,0.047488321,0.19861589,0.70449775,0.051135547,0.03049482,4.5637074,947.07843,0.2739296,0.18058215,0.23321104,0.23065276,0.71560019,80.624947,0.078087159,1078.7455,751.61407,0.028469998,575.38287,"Wake-a",2,"y",183,"Wake",0.5738," 302,569.0000 ",0.3716," 195,984.0000 ",0.0369," 19,445.0000 ",0.0144," 7,600.0000 "," 0.0033 "," 1,739.0000 "," 527,337.00 ",0.574975378484231
"102",37,183,1701,"Raleigh",102325.53,26.983032,0.43106964,0.46997371,0.12732926,38459.5672620525,76161.1412991239,0.10341379,0.077295601,0.078228153,0.62213135,0.21248445,0.097583443,0.047488321,0.19861589,0.70449775,0.051135547,0.03049482,4.5637074,947.07843,0.2739296,0.18058215,0.23321104,0.23065276,0.71560019,80.624947,0.078087159,1078.7455,751.61407,0.028469998,575.38287,"Wake-b",4,"y",183,"Wake",0.5738," 302,569.0000 ",0.3716," 195,984.0000 ",0.0369," 19,445.0000 ",0.0144," 7,600.0000 "," 0.0033 "," 1,739.0000 "," 527,337.00 ",0.574975378484231
"103",37,185,1702,"Henderson",54086.762,31.232512,0.11367737,0.13980141,0.025426622,17609.3303452222,33873.8228590502,0.27544528,0.19565947,0.28335965,0.3800782,0.53113675,0.032996375,0.0020980355,0.54556048,0.38665801,0.015945489,0.001092223,2.3979063,603.51862,0.3938587,0.32879552,0.37375444,0.24264677,0.45976162,82.692177,0.1139105,48.947735,46.613777,-0.01821986,15.173051,"Warren",1,"",185,"Warren",0.6517," 6,419.0000 ",0.3264," 3,215.0000 ",0.0149," 147.0000 ",0.007," 69.0000 "," -   "," -   "," 9,850.00 ",0.837142857142857
"104",37,187,2100,"Washington",55730.566,28.416012,0.11678353,0.11664514,0.01382168,21897.4562985647,31466.5500453583,0.25851369,0.21925756,0.20535272,0.45343211,0.50173873,0.035228305,0.002797097,0.49277756,0.47676376,0.022597006,0.0032426785,2.0118256,657,0.47153449,0.31465164,0.39700866,0.38880387,0.51046634,81.80587,0.073683381,37.996864,39.418728,-0.022353975,13.328201,"Washington",1,"",187,"Washington",0.5693," 3,509.0000 ",0.416," 2,564.0000 ",0.0105," 65.0000 ",0.0041," 25.0000 "," 0.0002 "," 1.0000 "," 6,164.00 ",0.841326228537596
"105",37,189,1001,"Boone",61021.621,20.953135,0.36844417,0.40591702,0.030586334,19482.7271337693,36756.54415709,0.27866641,0.19537142,0.23206018,0.92539006,0.020066954,0.033536289,0.0080820192,0.017707987,0.95348084,0.014917635,0.0051188166,4.2669044,821.02448,0.21799728,0.16613507,0.23006971,0.46373987,0.59366584,78.348747,NA,163.42299,136.72267,0.016630884,80.730873,"Watauga",5,"",189,"Watauga",0.4715," 14,138.0000 ",0.4568," 13,697.0000 ",0.0446," 1,336.0000 ",0.018," 539.0000 "," 0.0092 "," 275.0000 "," 29,985.00 ",0.449771943486483
"106",37,191,1800,"Goldsboro",64129.492,22.941278,0.15040982,0.16191763,0.06340342,24704.3249627643,43110.2215734405,0.18446389,0.13406482,0.13959558,0.55630672,0.32088596,0.099182047,0.009555731,0.31189108,0.61912245,0.050743569,0.0079751844,2.8634505,646.54547,0.38652879,0.23703715,0.33314043,0.35706386,0.55896175,79.944839,-0.018205063,221.70573,204.89055,0.0049015842,91.341537,"Wayne",1,"",191,"Wayne",0.4295," 21,769.0000 ",0.5433," 27,540.0000 ",0.019," 963.0000 ",0.0076," 383.0000 "," 0.0007 "," 33.0000 "," 50,688.00 ",0.556101778656127
"107",37,193,601,"North Wilkesboro",61884.641,25.213221,0.11329409,0.12268426,0.032907065,22498.4487565372,35684.2094462071,0.19159874,0.11827184,0.13238418,0.88818866,0.046163831,0.054398615,0.0039544273,0.042476725,0.9156509,0.03386553,0.0030981216,3.2392614,516.89362,0.2507748,0.16758031,0.23240951,0.29868197,0.60508257,82.876228,-0.049255662,91.92897,86.964684,-0.014734822,36.164383,"Wilkes",5,"",193,"Wilkes",0.2121," 6,638.0000 ",0.7589," 23,752.0000 ",0.0207," 647.0000 ",0.0073," 228.0000 "," 0.0010 "," 31.0000 "," 31,296.00 ",0.287454323995128
"108",37,195,1600,"Wilson",65154.527,22.07762,0.15827565,0.17673011,0.067410395,26911.2398493726,42242.111098801,0.2079709,0.16925411,0.1721494,0.49433735,0.39493316,0.095083341,0.00780513,0.35933188,0.57664186,0.053632606,0.0039192331,3.0684364,669.55133,0.4127439,0.29293329,0.34729254,0.42564508,0.59919065,79.662498,0.07853695,220.63844,200.48509,-0.005951636,91.431564,"Wilson",1,"",195,"Wilson",0.5156," 19,663.0000 ",0.4597," 17,531.0000 ",0.0175," 667.0000 ",0.0067," 256.0000 "," 0.0005 "," 18.0000 "," 38,135.00 ",0.663158578574677
"109",37,197,401,"Winston-Salem",65785.07,28.287024,0.10238934,0.11258688,0.054441731,25427.9786953411,38873.9245951153,0.14602064,0.099727757,0.11974014,0.85981357,0.034942456,0.097614959,0.0019050842,0.034734927,0.89267725,0.0649902,0.0015090181,3.8223295,593.32538,0.2348531,0.198226,0.21858396,0.27744532,0.62196696,83.929489,0.063958138,114.70332,108.55691,-0.010269035,49.269924,"Yadkin",10,"",197,"Yadkin",0.1793," 3,160.0000 ",0.7876," 13,880.0000 ",0.0226," 398.0000 ",0.0086," 152.0000 "," 0.0019 "," 34.0000 "," 17,624.00 ",0.205358457235389
"110",37,199,1002,"Morganton",54555.742,28.620979,0.13183267,0.15346335,0.046935119,19204.2394174975,36621.9375911999,0.18639818,0.15736082,0.18770348,0.93456054,0.0093725445,0.04568414,0.0016275677,0.0069919368,0.95863801,0.026448119,0.0013120552,3.1076233,613.84326,0.16987306,0.15156153,0.18508098,0.26458079,0.53824353,84.345451,0.20254728,56.999908,56.861027,-0.0047157258,22.597786,"Yancey",11,"",199,"Yancey",0.3209," 3,196.0000 ",0.6411," 6,385.0000 ",0.0262," 261.0000 ",0.0077," 77.0000 "," 0.0041 "," 41.0000 "," 9,960.00 ",0.504831548707234
